{"stats":{"minecraft:killed_by":{"minecraft:skeleton":4},"minecraft:custom":{"minecraft:time_since_rest":366,"minecraft:sprint_one_cm":34060,"minecraft:damage_taken":1193,"minecraft:walk_one_cm":13791,"minecraft:mob_kills":2,"minecraft:damage_dealt":283,"minecraft:swim_one_cm":20387,"minecraft:fly_one_cm":44006,"minecraft:open_chest":1,"minecraft:crouch_one_cm":1951,"minecraft:play_time":17627,"minecraft:deaths":4,"minecraft:sneak_time":1770,"minecraft:walk_under_water_one_cm":10916,"minecraft:jump":251,"minecraft:leave_game":1,"minecraft:walk_on_water_one_cm":18472,"minecraft:time_since_death":309,"minecraft:climb_one_cm":376,"minecraft:total_world_time":17627,"minecraft:fall_one_cm":8516},"minecraft:mined":{"minecraft:fire":1,"minecraft:mangrove_roots":3,"minecraft:pumpkin":3,"minecraft:clay":1,"minecraft:oak_log":12,"minecraft:grass_block":1,"minecraft:coal_ore":4,"minecraft:dead_bush":1,"minecraft:dirt":1,"minecraft:stone":2,"minecraft:sugar_cane":1,"minecraft:mangrove_propagule":1,"minecraft:oak_leaves":1},"minecraft:picked_up":{"minecraft:golden_helmet":1,"minecraft:clay_ball":4,"minecraft:pumpkin":6,"minecraft:oak_log":12,"minecraft:golden_boots":1,"minecraft:dirt":2,"minecraft:tropical_fish":1,"minecraft:glistering_melon_slice":18,"minecraft:mangrove_roots":9,"minecraft:sugar_cane":1,"minecraft:mangrove_propagule":1,"minecraft:coal":12,"minecraft:cobblestone":6},"minecraft:broken":{"minecraft:golden_pickaxe":1},"minecraft:killed":{"minecraft:frog":1,"minecraft:tropical_fish":1},"minecraft:used":{"minecraft:golden_boots":1,"minecraft:tropical_fish":1,"minecraft:golden_helmet":1,"minecraft:dirt":2,"minecraft:golden_pickaxe":19}},"DataVersion":3465}