{"stats":{"minecraft:custom":{"minecraft:mob_kills":141,"minecraft:interact_with_crafting_table":28,"minecraft:time_since_death":202715,"minecraft:climb_one_cm":5456,"minecraft:sprint_one_cm":834124,"minecraft:walk_one_cm":593074,"minecraft:drop":248,"minecraft:talked_to_villager":61,"minecraft:play_time":202715,"minecraft:sneak_time":2660,"minecraft:walk_under_water_one_cm":19958,"minecraft:interact_with_brewingstand":1,"minecraft:jump":3820,"minecraft:walk_on_water_one_cm":35988,"minecraft:total_world_time":202715,"minecraft:interact_with_furnace":78,"minecraft:traded_with_villager":57,"minecraft:sleep_in_bed":8,"minecraft:time_since_rest":8637,"minecraft:damage_taken":2051,"minecraft:damage_dealt":17474,"minecraft:swim_one_cm":43954,"minecraft:fly_one_cm":754085,"minecraft:open_chest":24,"minecraft:crouch_one_cm":6134,"minecraft:fall_one_cm":96295},"minecraft:killed":{"minecraft:spider":5,"minecraft:skeleton":12,"minecraft:chicken":4,"minecraft:drowned":2,"minecraft:pig":32,"minecraft:salmon":5,"minecraft:sheep":26,"minecraft:zombie":26,"minecraft:cow":18},"minecraft:crafted":{"minecraft:cherry_planks":4,"minecraft:oak_planks":600,"minecraft:stone_shovel":14,"minecraft:furnace":3,"minecraft:cooked_mutton":21,"minecraft:bow":6,"minecraft:iron_boots":1,"minecraft:iron_axe":4,"minecraft:stone_pickaxe":8,"minecraft:cooked_beef":13,"minecraft:crossbow":3,"minecraft:oak_slab":12,"minecraft:wooden_shovel":2,"minecraft:emerald":27,"minecraft:cooked_porkchop":35,"minecraft:crafting_table":3,"minecraft:wooden_pickaxe":1,"minecraft:iron_helmet":1,"minecraft:iron_sword":1,"minecraft:smithing_table":3,"minecraft:cooked_salmon":3,"minecraft:fletching_table":3,"minecraft:birch_planks":84,"minecraft:pumpkin_seeds":16,"minecraft:air":0,"minecraft:iron_chestplate":1,"minecraft:charcoal":8,"minecraft:stick":940,"minecraft:andesite_slab":12,"minecraft:iron_ingot":32,"minecraft:iron_pickaxe":1,"minecraft:wooden_axe":2,"minecraft:iron_leggings":1,"minecraft:white_bed":7,"minecraft:acacia_planks":24,"minecraft:torch":72},"minecraft:used":{"minecraft:iron_sword":226,"minecraft:wooden_shovel":82,"minecraft:cooked_salmon":3,"minecraft:cooked_chicken":1,"minecraft:torch":54,"minecraft:brewing_stand":3,"minecraft:dirt":29,"minecraft:wooden_axe":60,"minecraft:iron_axe":370,"minecraft:hay_block":1,"minecraft:furnace":7,"minecraft:cooked_beef":3,"minecraft:acacia_planks":24,"minecraft:cobbled_deepslate":17,"minecraft:cooked_mutton":9,"minecraft:diorite":7,"minecraft:birch_planks":10,"minecraft:stone_pickaxe":42,"minecraft:oak_planks":126,"minecraft:cauldron":1,"minecraft:andesite_slab":23,"minecraft:composter":2,"minecraft:wooden_pickaxe":3,"minecraft:cherry_planks":4,"minecraft:fletching_table":9,"minecraft:glow_berries":3,"minecraft:oak_slab":14,"minecraft:crafting_table":8,"minecraft:white_bed":26,"minecraft:iron_pickaxe":251,"minecraft:lectern":9,"minecraft:gravel":42,"minecraft:cobblestone":53,"minecraft:porkchop":2,"minecraft:cooked_porkchop":28,"minecraft:smithing_table":5,"minecraft:andesite":21,"minecraft:yellow_bed":11},"minecraft:mined":{"minecraft:tuff":7,"minecraft:white_bed":18,"minecraft:mossy_cobblestone":1,"minecraft:deepslate_diamond_ore":1,"minecraft:oak_door":1,"minecraft:cobblestone_stairs":2,"minecraft:cherry_log":1,"minecraft:mangrove_roots":2,"minecraft:brewing_stand":3,"minecraft:cave_vines_plant":1,"minecraft:granite":1,"minecraft:budding_amethyst":5,"minecraft:acacia_log":6,"minecraft:grass_block":20,"minecraft:jungle_log":4,"minecraft:composter":5,"minecraft:moss_block":2,"minecraft:hay_block":6,"minecraft:furnace":4,"minecraft:iron_ore":4,"minecraft:andesite":40,"minecraft:pumpkin":4,"minecraft:fletching_table":6,"minecraft:azure_bluet":1,"minecraft:peony":5,"minecraft:water_cauldron":1,"minecraft:dirt_path":1,"minecraft:vine":2,"minecraft:cave_vines":6,"minecraft:deepslate_iron_ore":23,"minecraft:oak_stairs":20,"minecraft:stone":63,"minecraft:smithing_table":3,"minecraft:oak_slab":6,"minecraft:glass_pane":2,"minecraft:oak_fence":21,"minecraft:crafting_table":4,"minecraft:torch":1,"minecraft:calcite":1,"minecraft:rose_bush":2,"minecraft:andesite_slab":11,"minecraft:lectern":9,"minecraft:cobblestone":21,"minecraft:tall_grass":2,"minecraft:deepslate_gold_ore":13,"minecraft:oak_planks":14,"minecraft:sugar_cane":5,"minecraft:diorite":9,"minecraft:wall_torch":5,"minecraft:amethyst_block":21,"minecraft:pink_petals":1,"minecraft:birch_planks":2,"minecraft:birch_log":21,"minecraft:yellow_bed":11,"minecraft:grass":18,"minecraft:coal_ore":28,"minecraft:oak_log":159,"minecraft:cocoa":2,"minecraft:gravel":82,"minecraft:dirt":15,"minecraft:acacia_planks":6,"minecraft:oak_leaves":13,"minecraft:deepslate":26,"minecraft:fern":2},"minecraft:dropped":{"minecraft:iron_ingot":4,"minecraft:iron_sword":2,"minecraft:oak_slab":17,"minecraft:moss_block":2,"minecraft:wheat_seeds":4,"minecraft:lapis_lazuli":64,"minecraft:cooked_beef":11,"minecraft:oak_log":1,"minecraft:glass_bottle":1,"minecraft:diamond":5,"minecraft:cooked_porkchop":2,"minecraft:orange_tulip":2,"minecraft:crossbow":3,"minecraft:oak_fence":8,"minecraft:cobblestone":62,"minecraft:feather":5,"minecraft:amethyst_block":21,"minecraft:granite":1,"minecraft:copper_ingot":1,"minecraft:cobblestone_stairs":4,"minecraft:stick":4,"minecraft:dirt":7,"minecraft:gray_wool":1,"minecraft:diorite":2,"minecraft:torch":74,"minecraft:wooden_axe":2,"minecraft:rose_bush":6,"minecraft:iron_leggings":1,"minecraft:oak_stairs":28,"minecraft:amethyst_shard":2,"minecraft:iron_axe":3,"minecraft:iron_pickaxe":1,"minecraft:cauldron":1,"minecraft:redstone":4,"minecraft:bone":13,"minecraft:oak_door":1,"minecraft:gravel":38,"minecraft:sugar_cane":6,"minecraft:cobbled_deepslate":23,"minecraft:andesite_slab":6,"minecraft:tuff":7,"minecraft:stone_shovel":22,"minecraft:raw_iron":43,"minecraft:chicken":2,"minecraft:rotten_flesh":45,"minecraft:oak_planks":20,"minecraft:light_gray_wool":6,"minecraft:iron_boots":1,"minecraft:cooked_mutton":12,"minecraft:white_bed":1,"minecraft:pumpkin_seeds":16,"minecraft:hay_block":1,"minecraft:gunpowder":2,"minecraft:peony":4,"minecraft:iron_chestplate":1,"minecraft:charcoal":7,"minecraft:wooden_shovel":2,"minecraft:oak_sapling":8,"minecraft:spider_eye":1,"minecraft:bow":6,"minecraft:stone_pickaxe":10,"minecraft:wooden_pickaxe":1,"minecraft:calcite":1,"minecraft:lectern":2},"minecraft:picked_up":{"minecraft:wooden_axe":1,"minecraft:cocoa_beans":4,"minecraft:charcoal":7,"minecraft:crafting_table":5,"minecraft:iron_chestplate":1,"minecraft:chicken":6,"minecraft:smithing_table":3,"minecraft:oak_stairs":28,"minecraft:brewing_stand":3,"minecraft:amethyst_block":21,"minecraft:string":11,"minecraft:iron_axe":2,"minecraft:iron_leggings":1,"minecraft:cobbled_deepslate":40,"minecraft:beef":37,"minecraft:rose_bush":6,"minecraft:calcite":1,"minecraft:wooden_shovel":1,"minecraft:light_gray_wool":6,"minecraft:iron_pickaxe":1,"minecraft:lectern":11,"minecraft:sugar_cane":6,"minecraft:iron_boots":1,"minecraft:furnace":4,"minecraft:stick":23,"minecraft:raw_iron":74,"minecraft:oak_door":1,"minecraft:composter":3,"minecraft:copper_ingot":1,"minecraft:oak_fence":8,"minecraft:torch":60,"minecraft:acacia_log":6,"minecraft:porkchop":63,"minecraft:cherry_log":1,"minecraft:diorite":9,"minecraft:redstone":4,"minecraft:cauldron":3,"minecraft:stone_shovel":8,"minecraft:arrow":24,"minecraft:rotten_flesh":51,"minecraft:peony":4,"minecraft:hay_block":2,"minecraft:glow_berries":3,"minecraft:mutton":39,"minecraft:white_wool":22,"minecraft:cobblestone":142,"minecraft:birch_log":21,"minecraft:feather":5,"minecraft:cooked_beef":2,"minecraft:jungle_log":4,"minecraft:andesite":27,"minecraft:salmon":3,"minecraft:leather":14,"minecraft:birch_planks":3,"minecraft:flint":6,"minecraft:tuff":7,"minecraft:oak_log":171,"minecraft:yellow_bed":11,"minecraft:gunpowder":2,"minecraft:cobblestone_stairs":4,"minecraft:lapis_lazuli":64,"minecraft:dirt":36,"minecraft:bone":30,"minecraft:acacia_planks":6,"minecraft:apple":1,"minecraft:orange_tulip":2,"minecraft:wheat_seeds":12,"minecraft:raw_gold":13,"minecraft:cooked_chicken":1,"minecraft:iron_ingot":24,"minecraft:stone_pickaxe":4,"minecraft:fletching_table":6,"minecraft:glass_bottle":1,"minecraft:moss_block":2,"minecraft:iron_sword":1,"minecraft:oak_planks":49,"minecraft:oak_slab":19,"minecraft:cooked_porkchop":4,"minecraft:pumpkin":4,"minecraft:gravel":80,"minecraft:amethyst_shard":2,"minecraft:white_bed":19,"minecraft:spider_eye":1,"minecraft:mossy_cobblestone":4,"minecraft:diamond":6,"minecraft:crossbow":1,"minecraft:granite":1,"minecraft:gray_wool":1,"minecraft:emerald":8,"minecraft:oak_sapling":9,"minecraft:andesite_slab":17,"minecraft:coal":46},"minecraft:broken":{"minecraft:iron_axe":1,"minecraft:iron_pickaxe":1,"minecraft:wooden_axe":1}},"DataVersion":3465}