{"stats":{"minecraft:killed_by":{"minecraft:skeleton":2,"minecraft:creeper":1,"minecraft:zombie":1},"minecraft:killed":{"minecraft:skeleton":3,"minecraft:pig":4,"minecraft:chicken":1,"minecraft:spider":1},"minecraft:custom":{"minecraft:time_since_rest":13023,"minecraft:damage_taken":1623,"minecraft:interact_with_furnace":21,"minecraft:sprint_one_cm":100151,"minecraft:walk_one_cm":88792,"minecraft:mob_kills":9,"minecraft:damage_dealt":1246,"minecraft:interact_with_crafting_table":5,"minecraft:fly_one_cm":94336,"minecraft:play_time":123149,"minecraft:crouch_one_cm":6611,"minecraft:deaths":6,"minecraft:sneak_time":3329,"minecraft:walk_under_water_one_cm":1046,"minecraft:jump":764,"minecraft:leave_game":6,"minecraft:time_since_death":12985,"minecraft:walk_on_water_one_cm":2634,"minecraft:total_world_time":123149,"minecraft:fall_one_cm":20015},"minecraft:broken":{"minecraft:wooden_pickaxe":1},"minecraft:used":{"minecraft:wooden_axe":7,"minecraft:apple":1,"minecraft:stone_pickaxe":94,"minecraft:wooden_pickaxe":59,"minecraft:torch":19,"minecraft:stone_axe":44,"minecraft:cobblestone":13,"minecraft:crafting_table":3,"minecraft:furnace":2,"minecraft:oak_sapling":1,"minecraft:cooked_porkchop":2,"minecraft:acacia_sapling":1},"minecraft:crafted":{"minecraft:oak_planks":12,"minecraft:charcoal":15,"minecraft:cooked_porkchop":7,"minecraft:crafting_table":2,"minecraft:stick":8,"minecraft:wooden_pickaxe":1,"minecraft:stone_pickaxe":1,"minecraft:wooden_axe":1,"minecraft:furnace":1,"minecraft:acacia_planks":12,"minecraft:birch_planks":28,"minecraft:torch":20,"minecraft:stone_axe":1,"minecraft:air":0},"minecraft:picked_up":{"minecraft:birch_log":28,"minecraft:crafting_table":2,"minecraft:stick":11,"minecraft:raw_iron":16,"minecraft:feather":2,"minecraft:chicken":1,"minecraft:acacia_log":18,"minecraft:porkchop":8,"minecraft:oak_log":99,"minecraft:dirt":1,"minecraft:bone":3,"minecraft:arrow":4,"minecraft:apple":1,"minecraft:stone_axe":1,"minecraft:wheat_seeds":4,"minecraft:stone_pickaxe":1,"minecraft:oak_sapling":5,"minecraft:mutton":2,"minecraft:oak_planks":1,"minecraft:acacia_sapling":1,"minecraft:coal":32,"minecraft:white_wool":1,"minecraft:cobblestone":153,"minecraft:furnace":1},"minecraft:mined":{"minecraft:acacia_leaves":23,"minecraft:furnace":1,"minecraft:iron_ore":16,"minecraft:birch_log":7,"minecraft:birch_leaves":3,"minecraft:crafting_table":2,"minecraft:grass":80,"minecraft:acacia_log":18,"minecraft:grass_block":1,"minecraft:coal_ore":32,"minecraft:oak_log":42,"minecraft:cobblestone":1,"minecraft:stone":103,"minecraft:oak_leaves":11}},"DataVersion":3465}