{"stats":{"minecraft:custom":{"minecraft:mob_kills":134,"minecraft:interact_with_crafting_table":53,"minecraft:leave_game":8,"minecraft:time_since_death":135021,"minecraft:climb_one_cm":11654,"minecraft:sprint_one_cm":765383,"minecraft:walk_one_cm":518690,"minecraft:drop":51,"minecraft:talked_to_villager":1,"minecraft:play_time":354984,"minecraft:deaths":11,"minecraft:sneak_time":19710,"minecraft:walk_under_water_one_cm":27032,"minecraft:boat_one_cm":133110,"minecraft:jump":5387,"minecraft:walk_on_water_one_cm":42198,"minecraft:total_world_time":354984,"minecraft:interact_with_furnace":173,"minecraft:sleep_in_bed":7,"minecraft:time_since_rest":78953,"minecraft:damage_taken":5756,"minecraft:damage_dealt":20390,"minecraft:swim_one_cm":88841,"minecraft:fly_one_cm":849963,"minecraft:open_chest":33,"minecraft:crouch_one_cm":61312,"minecraft:fall_one_cm":143549},"minecraft:killed":{"minecraft:witch":1,"minecraft:spider":11,"minecraft:skeleton":17,"minecraft:chicken":2,"minecraft:drowned":2,"minecraft:pig":13,"minecraft:creeper":5,"minecraft:sheep":18,"minecraft:zombie":35,"minecraft:cow":24},"minecraft:crafted":{"minecraft:oak_planks":156,"minecraft:cooked_chicken":4,"minecraft:furnace":3,"minecraft:cooked_mutton":11,"minecraft:iron_boots":1,"minecraft:iron_axe":5,"minecraft:stone_pickaxe":3,"minecraft:chest":5,"minecraft:wheat":36,"minecraft:cooked_beef":25,"minecraft:oak_slab":30,"minecraft:cooked_porkchop":15,"minecraft:crafting_table":2,"minecraft:jungle_boat":1,"minecraft:wooden_pickaxe":1,"minecraft:iron_helmet":1,"minecraft:bucket":1,"minecraft:birch_planks":28,"minecraft:stone_axe":1,"minecraft:air":0,"minecraft:jungle_planks":36,"minecraft:iron_chestplate":1,"minecraft:charcoal":33,"minecraft:shield":1,"minecraft:stick":68,"minecraft:iron_ingot":75,"minecraft:iron_pickaxe":3,"minecraft:oak_stairs":20,"minecraft:wooden_axe":1,"minecraft:iron_leggings":2,"minecraft:acacia_planks":12,"minecraft:torch":116},"minecraft:mined":{"minecraft:tuff":4,"minecraft:white_bed":8,"minecraft:mossy_cobblestone":4,"minecraft:deepslate_diamond_ore":16,"minecraft:jungle_leaves":1,"minecraft:glow_lichen":1,"minecraft:granite":2,"minecraft:acacia_log":18,"minecraft:grass_block":7,"minecraft:jungle_planks":3,"minecraft:jungle_log":9,"minecraft:hay_block":31,"minecraft:redstone_ore":1,"minecraft:furnace":10,"minecraft:iron_ore":50,"minecraft:cobbled_deepslate":2,"minecraft:andesite":4,"minecraft:deepslate_lapis_ore":21,"minecraft:water_cauldron":3,"minecraft:vine":7,"minecraft:cave_vines":4,"minecraft:deepslate_iron_ore":33,"minecraft:oak_stairs":155,"minecraft:stone":128,"minecraft:oak_slab":6,"minecraft:deepslate_redstone_ore":21,"minecraft:acacia_leaves":23,"minecraft:glass_pane":2,"minecraft:oak_fence":1,"minecraft:crafting_table":9,"minecraft:torch":3,"minecraft:melon":2,"minecraft:chest":3,"minecraft:andesite_slab":2,"minecraft:tall_grass":2,"minecraft:cobblestone":84,"minecraft:deepslate_gold_ore":22,"minecraft:oak_planks":133,"minecraft:wall_torch":8,"minecraft:cauldron":1,"minecraft:birch_planks":3,"minecraft:birch_log":7,"minecraft:birch_leaves":3,"minecraft:yellow_bed":17,"minecraft:grass":116,"minecraft:coal_ore":66,"minecraft:oak_log":106,"minecraft:cocoa":4,"minecraft:dirt":13,"minecraft:gold_ore":13,"minecraft:oak_leaves":66,"minecraft:deepslate":52,"minecraft:fern":8},"minecraft:used":{"minecraft:oak_fence":1,"minecraft:chest":8,"minecraft:cooked_chicken":3,"minecraft:rotten_flesh":3,"minecraft:iron_chestplate":1,"minecraft:torch":122,"minecraft:dirt":7,"minecraft:jungle_planks":3,"minecraft:acacia_sapling":1,"minecraft:tuff":1,"minecraft:granite":1,"minecraft:wooden_axe":7,"minecraft:iron_axe":753,"minecraft:oak_stairs":185,"minecraft:iron_boots":1,"minecraft:hay_block":3,"minecraft:furnace":13,"minecraft:oak_sapling":3,"minecraft:cooked_beef":19,"minecraft:cooked_mutton":14,"minecraft:water_bucket":3,"minecraft:stone_pickaxe":186,"minecraft:oak_planks":118,"minecraft:wooden_pickaxe":59,"minecraft:jungle_boat":1,"minecraft:glow_berries":3,"minecraft:oak_slab":37,"minecraft:crafting_table":10,"minecraft:white_bed":5,"minecraft:oak_log":1,"minecraft:apple":1,"minecraft:melon_slice":7,"minecraft:iron_pickaxe":311,"minecraft:stone_axe":100,"minecraft:cobblestone":140,"minecraft:cooked_porkchop":13,"minecraft:bucket":4,"minecraft:yellow_bed":13},"minecraft:dropped":{"minecraft:iron_ingot":18,"minecraft:wheat_seeds":5,"minecraft:cooked_beef":9,"minecraft:oak_log":18,"minecraft:cooked_porkchop":4,"minecraft:crossbow":1,"minecraft:feather":3,"minecraft:cobblestone":3,"minecraft:jungle_planks":3,"minecraft:coal":2,"minecraft:stick":12,"minecraft:diorite":2,"minecraft:cauldron":1,"minecraft:gravel":3,"minecraft:sugar_cane":12,"minecraft:cooked_chicken":1,"minecraft:andesite_slab":2,"minecraft:rotten_flesh":70,"minecraft:oak_planks":18,"minecraft:gunpowder":3,"minecraft:andesite":1,"minecraft:oak_sapling":1,"minecraft:spider_eye":4,"minecraft:arrow":10,"minecraft:beef":10,"minecraft:stone_pickaxe":1,"minecraft:lectern":3},"minecraft:picked_up":{"minecraft:cocoa_beans":60,"minecraft:charcoal":33,"minecraft:crafting_table":12,"minecraft:iron_chestplate":5,"minecraft:chicken":2,"minecraft:oak_stairs":173,"minecraft:iron_axe":6,"minecraft:string":40,"minecraft:iron_leggings":4,"minecraft:cobbled_deepslate":254,"minecraft:beef":53,"minecraft:iron_pickaxe":9,"minecraft:lectern":3,"minecraft:melon_slice":28,"minecraft:sugar_cane":30,"minecraft:chest":3,"minecraft:iron_boots":5,"minecraft:furnace":15,"minecraft:stick":24,"minecraft:raw_iron":224,"minecraft:composter":1,"minecraft:oak_fence":4,"minecraft:torch":239,"minecraft:acacia_log":18,"minecraft:porkchop":20,"minecraft:diorite":2,"minecraft:redstone":223,"minecraft:cauldron":1,"minecraft:arrow":34,"minecraft:rotten_flesh":130,"minecraft:hay_block":36,"minecraft:glow_berries":2,"minecraft:mutton":30,"minecraft:white_wool":17,"minecraft:cobblestone":377,"minecraft:birch_log":28,"minecraft:jungle_boat":1,"minecraft:feather":12,"minecraft:cooked_beef":29,"minecraft:andesite":4,"minecraft:water_bucket":5,"minecraft:jungle_log":9,"minecraft:leather":17,"minecraft:birch_planks":5,"minecraft:tuff":28,"minecraft:oak_log":300,"minecraft:yellow_bed":17,"minecraft:gunpowder":4,"minecraft:lapis_lazuli":640,"minecraft:dirt":25,"minecraft:cooked_mutton":12,"minecraft:bone":75,"minecraft:apple":1,"minecraft:wheat_seeds":9,"minecraft:raw_gold":106,"minecraft:iron_ingot":5,"minecraft:stone_pickaxe":9,"minecraft:glass_bottle":1,"minecraft:iron_sword":1,"minecraft:acacia_sapling":1,"minecraft:oak_planks":162,"minecraft:oak_slab":7,"minecraft:cooked_porkchop":8,"minecraft:gravel":9,"minecraft:jungle_planks":6,"minecraft:ink_sac":6,"minecraft:white_bed":10,"minecraft:spider_eye":9,"minecraft:diamond":54,"minecraft:stone_axe":1,"minecraft:iron_helmet":2,"minecraft:crossbow":2,"minecraft:granite":3,"minecraft:oak_sapling":15,"minecraft:andesite_slab":6,"minecraft:coal":96},"minecraft:killed_by":{"minecraft:creeper":1,"minecraft:spider":1,"minecraft:enderman":1,"minecraft:skeleton":2,"minecraft:witch":1,"minecraft:zombie":2},"minecraft:broken":{"minecraft:wooden_pickaxe":1,"minecraft:stone_pickaxe":1,"minecraft:iron_axe":6,"minecraft:stone_axe":1,"minecraft:iron_pickaxe":1}},"DataVersion":3465}