{"stats":{"minecraft:crafted":{"minecraft:acacia_planks":12,"minecraft:crafting_table":1,"minecraft:wooden_axe":1},"minecraft:custom":{"minecraft:time_since_rest":13308,"minecraft:crouch_one_cm":910,"minecraft:sprint_one_cm":17550,"minecraft:play_time":72515,"minecraft:walk_one_cm":11148,"minecraft:damage_taken":510,"minecraft:deaths":2,"minecraft:sneak_time":802,"minecraft:jump":102,"minecraft:damage_dealt":19,"minecraft:leave_game":2,"minecraft:walk_on_water_one_cm":363,"minecraft:time_since_death":121,"minecraft:total_world_time":72515,"minecraft:interact_with_crafting_table":1,"minecraft:fall_one_cm":1770,"minecraft:fly_one_cm":17333},"minecraft:killed_by":{"minecraft:creeper":1,"minecraft:zombie":1},"minecraft:picked_up":{"minecraft:stick":2,"minecraft:wheat_seeds":2,"minecraft:acacia_log":18,"minecraft:oak_log":12,"minecraft:oak_sapling":1,"minecraft:mutton":2,"minecraft:acacia_sapling":1,"minecraft:white_wool":1},"minecraft:mined":{"minecraft:grass":22,"minecraft:acacia_log":18,"minecraft:oak_log":12,"minecraft:acacia_leaves":23,"minecraft:oak_leaves":2},"minecraft:used":{"minecraft:wooden_axe":7,"minecraft:crafting_table":1,"minecraft:oak_sapling":1,"minecraft:acacia_sapling":1}},"DataVersion":3465}