{"stats":{"minecraft:custom":{"minecraft:interact_with_furnace":66,"minecraft:mob_kills":51,"minecraft:interact_with_crafting_table":34,"minecraft:leave_game":3,"minecraft:time_since_death":89271,"minecraft:sleep_in_bed":1,"minecraft:climb_one_cm":3777,"minecraft:time_since_rest":16879,"minecraft:sprint_one_cm":116399,"minecraft:damage_taken":2129,"minecraft:walk_one_cm":274687,"minecraft:damage_blocked_by_shield":3160,"minecraft:drop":8,"minecraft:damage_dealt":9213,"minecraft:swim_one_cm":3273,"minecraft:fly_one_cm":144168,"minecraft:open_chest":15,"minecraft:crouch_one_cm":3610,"minecraft:play_time":98055,"minecraft:deaths":1,"minecraft:sneak_time":1455,"minecraft:walk_under_water_one_cm":26174,"minecraft:jump":1113,"minecraft:walk_on_water_one_cm":28172,"minecraft:total_world_time":98055,"minecraft:fall_one_cm":24677},"minecraft:killed":{"minecraft:witch":1,"minecraft:spider":8,"minecraft:skeleton":11,"minecraft:sheep":4,"minecraft:zombie":25,"minecraft:drowned":1},"minecraft:crafted":{"minecraft:cooked_beef":10,"minecraft:oak_planks":168,"minecraft:diamond_axe":1,"minecraft:crafting_table":3,"minecraft:wooden_pickaxe":1,"minecraft:iron_helmet":1,"minecraft:furnace":4,"minecraft:bucket":2,"minecraft:stone_axe":1,"minecraft:bread":18,"minecraft:cooked_mutton":2,"minecraft:air":0,"minecraft:flint_and_steel":1,"minecraft:iron_boots":1,"minecraft:iron_chestplate":1,"minecraft:charcoal":20,"minecraft:shield":2,"minecraft:iron_axe":2,"minecraft:stick":52,"minecraft:iron_ingot":92,"minecraft:iron_pickaxe":2,"minecraft:stone_pickaxe":2,"minecraft:wooden_axe":3,"minecraft:gold_ingot":11,"minecraft:white_bed":1,"minecraft:chest":3,"minecraft:iron_leggings":1,"minecraft:torch":104,"minecraft:wheat":54},"minecraft:mined":{"minecraft:deepslate_diamond_ore":4,"minecraft:mangrove_roots":3,"minecraft:crafting_table":7,"minecraft:torch":4,"minecraft:granite":5,"minecraft:grass_block":6,"minecraft:copper_ore":1,"minecraft:cobblestone":12,"minecraft:deepslate_gold_ore":11,"minecraft:oak_planks":1,"minecraft:mangrove_propagule":1,"minecraft:wall_torch":2,"minecraft:hay_block":7,"minecraft:furnace":1,"minecraft:mud":2,"minecraft:birch_log":7,"minecraft:iron_ore":72,"minecraft:fire":3,"minecraft:andesite":1,"minecraft:mangrove_leaves":4,"minecraft:oak_log":55,"minecraft:coal_ore":44,"minecraft:deepslate_iron_ore":20,"minecraft:vine":1,"minecraft:gravel":2,"minecraft:dirt":5,"minecraft:stone":156,"minecraft:oak_leaves":15,"minecraft:deepslate":12},"minecraft:used":{"minecraft:cooked_mutton":3,"minecraft:water_bucket":42,"minecraft:moss_carpet":1,"minecraft:flint_and_steel":3,"minecraft:stone_pickaxe":178,"minecraft:oak_planks":19,"minecraft:wooden_pickaxe":10,"minecraft:chest":3,"minecraft:shield":53,"minecraft:diamond_axe":1,"minecraft:rotten_flesh":2,"minecraft:torch":62,"minecraft:dirt":2,"minecraft:mutton":1,"minecraft:crafting_table":10,"minecraft:carrot":1,"minecraft:white_bed":1,"minecraft:mud":1,"minecraft:wooden_axe":58,"minecraft:lava_bucket":19,"minecraft:bread":2,"minecraft:iron_axe":119,"minecraft:iron_pickaxe":159,"minecraft:stone_axe":58,"minecraft:cobblestone":99,"minecraft:furnace":5,"minecraft:bucket":63,"minecraft:cooked_beef":17,"minecraft:cobbled_deepslate":9},"minecraft:dropped":{"minecraft:stone_axe":1,"minecraft:cobbled_deepslate":4,"minecraft:spider_eye":3,"minecraft:iron_axe":1,"minecraft:stone_pickaxe":1,"minecraft:sugar":1,"minecraft:bone":8},"minecraft:picked_up":{"minecraft:birch_log":7,"minecraft:mud":3,"minecraft:crafting_table":8,"minecraft:cooked_beef":7,"minecraft:andesite":1,"minecraft:wooden_pickaxe":1,"minecraft:flint":1,"minecraft:oak_log":55,"minecraft:dirt":13,"minecraft:string":9,"minecraft:moss_carpet":1,"minecraft:raw_copper":4,"minecraft:cooked_mutton":1,"minecraft:bone":16,"minecraft:bow":3,"minecraft:wheat_seeds":1,"minecraft:cobbled_deepslate":13,"minecraft:raw_gold":11,"minecraft:beef":10,"minecraft:birch_sapling":4,"minecraft:oak_planks":44,"minecraft:furnace":1,"minecraft:stick":7,"minecraft:raw_iron":95,"minecraft:torch":7,"minecraft:gravel":2,"minecraft:carrot":1,"minecraft:spider_eye":4,"minecraft:sugar":1,"minecraft:arrow":3,"minecraft:rotten_flesh":17,"minecraft:diamond":4,"minecraft:hay_block":6,"minecraft:granite":6,"minecraft:mangrove_roots":6,"minecraft:oak_sapling":5,"minecraft:coal":61,"minecraft:mutton":6,"minecraft:mangrove_propagule":1,"minecraft:white_wool":4,"minecraft:cobblestone":166},"minecraft:broken":{"minecraft:stone_pickaxe":1,"minecraft:shield":1,"minecraft:wooden_axe":1}},"DataVersion":3465}